<?xml version="1.0"?>
<doc>
    <assembly>
        <name>BlueExpresso</name>
    </assembly>
    <members>
        <member name="M:BlueExpresso.Controllers.AuthController.Register(Microsoft.AspNetCore.Identity.IdentityUser)">
            <summary>
            "Registra um novo usuário para consumir a API"
            </summary>
            <returns></returns>
        </member>
        <member name="M:BlueExpresso.Controllers.AuthController.Token(Microsoft.AspNetCore.Identity.IdentityUser)">
            <summary>
            "Gera um token de acesso às funcionalidades da API"
            </summary>
            <returns></returns>
        </member>
        <member name="M:BlueExpresso.Controllers.ViagemController.Index">
            <summary>
            "Retorna uma lista de tickets de viagem exitentes no banco de dados"
            </summary>
            <returns></returns>
        </member>
        <member name="M:BlueExpresso.Controllers.ViagemController.Index(System.Int32)">
            <summary>
            "Retorna um ticket de viagem específico de acordo com o id informado"
            </summary>
            <returns></returns>
        </member>
        <member name="M:BlueExpresso.Controllers.ViagemController.gerarRandom">
            <summary>
            "Retorna um ticket de viagem aleatório existente no banco de dados"
            </summary>
            <returns></returns>
        </member>
        <member name="M:BlueExpresso.Controllers.ViagemController.Create(BlueExpresso.Models.Viagem)">
            <summary>
            "Cria um novo ticket de viagem e adiciona ao banco de dados"
            </summary>
            <returns></returns>
        </member>
        <member name="M:BlueExpresso.Controllers.ViagemController.Update(BlueExpresso.Models.Viagem)">
            <summary>
            "Atualiza as informações de um ticket de viagem existente"
            </summary>
            <returns></returns>
            
        </member>
        <member name="M:BlueExpresso.Controllers.ViagemController.Delete(System.Int32)">
            <summary>
            "Apaga um ticket de viagem existente no banco de dados"
            </summary>
            <returns></returns>
        </member>
        <member name="M:BlueExpresso.Controllers.ViagemController.ViagemByUserRole(System.String)">
            <summary>
            "Retorna todas as viagens inseridas por um usuário"
            </summary>
            <returns></returns>
        </member>
    </members>
</doc>
